[
	{"level":{"time"  : 30}}
	
	{"player":{"shape" : "circle",	"color" : "blue",	"x" : 40,"y" : 210}}
	
	{"block":{"shape" : "triangle",	"color" : "blue",	"x" : 340,"y" : 210}}
	{"block":{"shape" : "square",	"color" : "green",	"x" : 290,"y" : 210}}
	{"block":{"shape" : "circle",	"color" : "blue",	"x" : 250,"y" : 210}}
	{"block":{"shape" : "triangle",	"color" : "green",	"x" : 210,"y" : 210}}


	{"block":{"shape" : "square",	"color" : "green",	"x" : 360,"y" : 160}}
	{"block":{"shape" : "square",	"color" : "green",	"x" : 340,"y" : 160}}
	{"block":{"shape" : "square",	"color" : "green",	"x" : 300,"y" : 160}}
	{"block":{"shape" : "triangle",	"color" : "green",	"x" : 260,"y" : 160}}


	{"block":{"shape" : "square",	"color" : "green",	"x" : 370,"y" : 110}}
	{"block":{"shape" : "circle",	"color" : "green",	"x" : 340,"y" : 110}}
	{"block":{"shape" : "triangle",	"color" : "green",	"x" : 290,"y" : 110}}
	{"block":{"shape" : "square",	"color" : "blue",	"x" : 210,"y" : 110}}
    
    {"block":{"shape" : "circle",	"color" : "green",	"x" : 370,"y" : 80}}
	{"block":{"shape" : "square",	"color" : "green",	"x" : 340,"y" : 80}}
	{"block":{"shape" : "circle",	"color" : "green",	"x" : 290,"y" : 80}}



]