[
	{"level":{"time"  : 30}}
	
	{"player":{"shape" : "circle",	"color" : "blue",	"x" : 40,"y" : 210}}
	
	{"block":{"shape" : "triangle",	"color" : "purple",	"x" : 90,"y" : 40}}
	{"block":{"shape" : "square",	"color" : "blue",	"x" : 90,"y" : 90}}
	
	{"block":{"shape" : "square",	"color" : "green",	"x" : 140,"y" : 270}}
	{"block":{"shape" : "circle",	"color" : "purple",	"x" : 140,"y" : 225}}
	{"block":{"shape" : "triangle",	"color" : "green",	"x" : 140,"y" : 180}}
	
	
	{"block":{"shape" : "circle",	"color" : "green",	"x" : 190,"y" : 260}}
	{"block":{"shape" : "triangle",	"color" : "blue",	"x" : 200,"y" : 230}}
	
  	{"block":{"shape" : "square",	"color" : "purple",	"x" : 220,"y" : 120}}
    {"block":{"shape" : "triangle",	"color" : "green",	"x" : 250,"y" : 170}}
    
    {"block":{"shape" : "square",	"color" : "purple",	"x" : 295,"y" : 200}} 
    {"block":{"shape" : "square",	"color" : "blue",	"x" : 300,"y" : 165}} 
    {"block":{"shape" : "square",	"color" : "green",	"x" : 330,"y" : 235}} 
    
    {"block":{"shape" : "circle",	"color" : "purple",	"x" : 330,"y" : 40}}
    {"block":{"shape" : "triangle",	"color" : "green",	"x" : 380,"y" : 160}}
    {"block":{"shape" : "circle",	"color" : "green",	"x" : 395,"y" : 100}}
 
]