[
	{"level":{"time"  : 30}}
	
	{"player":{"shape" : "circle",	"color" : "blue",	"x" : 40,"y" : 210}}
	
	{"block":{"shape" : "circle",	"color" : "blue",	"x" : 80,"y" : 210}}
    {"block":{"shape" : "square",	"color" : "blue",	"x" : 125,"y" : 210}}
    {"block":{"shape" : "triangle",	"color" : "blue",	"x" : 170,"y" : 210}}
    
    
	{"block":{"shape" : "triangle",	"color" : "blue",	"x" : 150,"y" : 165}}
    {"block":{"shape" : "circle",	"color" : "blue",	"x" : 195,"y" : 165}}
    {"block":{"shape" : "square",	"color" : "blue",	"x" : 370,"y" : 165}}


	{"block":{"shape" : "circle",	"color" : "green",	"x" : 195,"y" : 120}}
    
	{"block":{"shape" : "triangle",	"color" : "green",	"x" : 240,"y" : 120}}
    {"block":{"shape" : "square",	"color" : "green",	"x" : 285,"y" : 120}}
    {"block":{"shape" : "square",	"color" : "green",	"x" : 330,"y" : 120}}
    {"block":{"shape" : "triangle",	"color" : "green",	"x" : 370,"y" : 120}}
    
    
	{"block":{"shape" : "triangle",	"color" : "green",	"x" : 285,"y" : 75}}
	{"block":{"shape" : "circle",	"color" : "green",	"x" : 330,"y" : 75}}
	{"block":{"shape" : "square",	"color" : "blue",	"x" : 370,"y" : 75}}
    
    
	{"block":{"shape" : "triangle",	"color" : "blue",	"x" : 370,"y" : 30}}
      

]