[
	{"level":{"time"  : 30}}
	
	{"player":{"shape" : "circle",	"color" : "blue",	"x" : 40,"y" : 210}}

	{"block":{"shape" : "square",	"color" : "purple",	"x" : 90,"y" : 210}}	
	{"block":{"shape" : "triangle",	"color" : "green",	"x" : 90,"y" : 165}}
	{"block":{"shape" : "triangle",	"color" : "blue",	"x" : 90,"y" : 120}}
	{"block":{"shape" : "square",	"color" : "blue",	"x" : 90,"y" : 70}}
	
	{"block":{"shape" : "triangle",	"color" : "green",	"x" : 150,"y" : 215}}
	{"block":{"shape" : "circle",	"color" : "blue",	"x" : 150,"y" : 170}}
	{"block":{"shape" : "circle",	"color" : "blue",	"x" : 150,"y" : 125}}
	
	{"block":{"shape" : "triangle",	"color" : "purple",	"x" : 200,"y" : 240}}
	{"block":{"shape" : "square",	"color" : "purple",	"x" : 200,"y" : 210}}
	
	{"block":{"shape" : "circle",	"color" : "purple",	"x" : 250,"y" : 240}}
	{"block":{"shape" : "triangle",	"color" : "green",	"x" : 250,"y" : 215}}
	
	{"block":{"shape" : "square",	"color" : "green",	"x" : 200,"y" : 160}}
	{"block":{"shape" : "circle",	"color" : "blue",	"x" : 325,"y" : 75}}
	
	{"block":{"shape" : "circle",	"color" : "blue",	"x" : 300,"y" : 100}}
	{"block":{"shape" : "square",	"color" : "green",	"x" : 350,"y" : 105}}
	
]