[
	{"level":{"time"  : 30}}
	
	{"player":{"shape" : "circle",	"color" : "blue",	"x" : 40,"y" : 210}}
	
	{"block":{"shape" : "triangle",	"color" : "purple",	"x" : 90,"y" : 120}}
	
	
	{"block":{"shape" : "circle",	"color" : "green",	"x" : 200,"y" : 160}}
	{"block":{"shape" : "square",	"color" : "purple",	"x" : 200,"y" : 60}}
	
	{"block":{"shape" : "triangle",	"color" : "blue",	"x" : 230,"y" : 210}}
	{"block":{"shape" : "square",	"color" : "purple",	"x" : 275,"y" : 215}}
	{"block":{"shape" : "circle",	"color" : "blue",	"x" : 325,"y" : 215}}
	
	
	{"block":{"shape" : "triangle",	"color" : "green",	"x" : 240,"y" : 170}}
		
	{"block":{"shape" : "square",	"color" : "green",	"x" : 300,"y" : 180}}
	{"block":{"shape" : "square",	"color" : "purple",	"x" : 330,"y" : 135}}
	
	{"block":{"shape" : "circle",	"color" : "blue",	"x" : 300,"y" : 80}}
	{"block":{"shape" : "triangle",	"color" : "blue",	"x" : 350,"y" : 80}}
	
	{"block":{"shape" : "circle",	"color" : "blue",	"x" : 400,"y" : 140}}
    {"block":{"shape" : "triangle",	"color" : "green",	"x" : 400,"y" : 190}}

	{"block":{"shape" : "circle",	"color" : "purple",	"x" : 420,"y" : 160}}
    {"block":{"shape" : "triangle",	"color" : "purple",	"x" : 420,"y" : 210}}
 
]