[
	{"level":{"time"  : 30}}
	
	{"player":{"shape" : "circle",	"color" : "blue",	"x" : 40,"y" : 210}}
	
	{"block":{"shape" : "circle",	"color" : "blue",	"x" : 80,"y" : 210}}
	{"block":{"shape" : "circle",	"color" : "blue",	"x" : 125,"y" : 190}}
	{"block":{"shape" : "circle",	"color" : "blue",	"x" : 125,"y" : 140}}
	{"block":{"shape" : "circle",	"color" : "blue",	"x" : 125,"y" : 120}}
    {"block":{"shape" : "triangle",	"color" : "blue",	"x" : 125,"y" : 60}}


	{"block":{"shape" : "triangle",	"color" : "blue",	"x" : 160,"y" : 40}}
    
	{"block":{"shape" : "triangle",	"color" : "blue",	"x" : 200,"y" : 60}}	{"block":{"shape" : "triangle",	"color" : "green",	"x" : 200,"y" : 110}}
    
	{"block":{"shape" : "triangle",	"color" : "green",	"x" : 250,"y" : 40}}


	{"block":{"shape" : "circle",	"color" : "green",	"x" : 250,"y" : 85}}
	{"block":{"shape" : "square",	"color" : "green",	"x" : 250,"y" : 130}}
	{"block":{"shape" : "square",	"color" : "blue",	"x" : 250,"y" : 170}}
    

	{"block":{"shape" : "square",	"color" : "green",	"x" : 300,"y" : 210}}
	{"block":{"shape" : "square",	"color" : "green",	"x" : 300,"y" : 170}}
    

]