[
	{"level":{"time"  : 30}}
	
	{"player":{"shape" : "circle",	"color" : "blue",	"x" : 40,"y" : 210}}
	
	{"block":{"shape" : "triangle",	"color" : "blue",	"x" : 90,"y" : 210}}
	{"block":{"shape" : "circle",	"color" : "blue",	"x" : 90,"y" : 190}}
	{"block":{"shape" : "square",	"color" : "blue",	"x" : 90,"y" : 165}}

	{"block":{"shape" : "circle",	"color" : "blue",	"x" : 140,"y" : 210}}
	{"block":{"shape" : "triangle",	"color" : "blue",	"x" : 140,"y" : 190}}
	{"block":{"shape" : "circle",	"color" : "blue",	"x" : 140,"y" : 165}}

	
	{"block":{"shape" : "triangle",	"color" : "green",	"x" : 200,"y" : 140}}
  	{"block":{"shape" : "triangle",	"color" : "blue",	"x" : 220,"y" : 120}}
    

    {"block":{"shape" : "triangle",	"color" : "green",	"x" : 290,"y" : 210}}
    {"block":{"shape" : "circle",	"color" : "green",	"x" : 290,"y" : 190}}
    {"block":{"shape" : "square",	"color" : "green",	"x" : 290,"y" : 165}} 
    
    {"block":{"shape" : "circle",	"color" : "green",	"x" : 330,"y" : 210}}
    {"block":{"shape" : "triangle",	"color" : "green",	"x" : 330,"y" : 210}}
    {"block":{"shape" : "circle",	"color" : "green",	"x" : 330,"y" : 190}}
 
    {"block":{"shape" : "square",	"color" : "green",	"x" : 380,"y" : 180}}
 
    {"block":{"shape" : "square",	"color" : "green",	"x" : 400,"y" : 100}}
    {"block":{"shape" : "square",	"color" : "green",	"x" : 410,"y" : 90}}
              
    {"block":{"shape" : "triangle",	"color" : "blue",	"x" : 395,"y" : 150}}
    {"block":{"shape" : "circle",	"color" : "blue",	"x" : 390,"y" : 195}}
    {"block":{"shape" : "triangle",	"color" : "blue",	"x" : 415,"y" : 210}}
]