[
	{"level":{"time"  : 30}}
	
	{"player":{"shape" : "circle",	"color" : "blue",	"x" : 40,"y" : 210}}
	
	{"block":{"shape" : "triangle",	"color" : "green",	"x" : 60,"y" : 210}}
	{"block":{"shape" : "circle",	"color" : "blue",	"x" : 60,"y" : 190}}
	{"block":{"shape" : "square",	"color" : "green",	"x" : 60,"y" : 165}}
	{"block":{"shape" : "square",	"color" : "blue",	"x" : 60,"y" : 140}}
   
    
    {"block":{"shape" : "square",	"color" : "green",	"x" : 85,"y" : 190}}
    {"block":{"shape" : "triangle",	"color" : "blue",	"x" : 85,"y" : 165}}
    {"block":{"shape" : "circle",	"color" : "green",	"x" : 85,"y" : 140}}
    
    {"block":{"shape" : "square",	"color" : "green",	"x" : 100,"y" : 200}}    
   
    {"block":{"shape" : "triangle",	"color" : "blue",	"x" : 145,"y" : 205}}
    {"block":{"shape" : "circle",	"color" : "green",	"x" : 145,"y" : 160}}
    {"block":{"shape" : "circle",	"color" : "green",	"x" : 145,"y" : 115}}
   
    {"block":{"shape" : "square",	"color" : "blue",	"x" : 200,"y" : 190}}
    {"block":{"shape" : "triangle",	"color" : "green",	"x" : 200,"y" : 120}}
    
    {"block":{"shape" : "square",	"color" : "blue",	"x" : 230,"y" : 100}} 
    {"block":{"shape" : "triangle",	"color" : "green",	"x" : 240,"y" : 210}}
    {"block":{"shape" : "square",	"color" : "blue",	"x" : 265,"y" : 180}} 
    {"block":{"shape" : "triangle",	"color" : "green",	"x" : 275,"y" : 160}}
     
    {"block":{"shape" : "circle",	"color" : "green",	"x" : 300,"y" : 210}}
    {"block":{"shape" : "circle",	"color" : "blue",	"x" : 320,"y" : 140}}
    {"block":{"shape" : "square",	"color" : "green",	"x" : 375,"y" : 200}}
        
]