[
	{"level":{"time"  : 30}}
	
	{"player":{"shape" : "circle",	"color" : "blue",	"x" : 40,"y" : 210}}
	
	{"block":{"shape" : "circle",	"color" : "green",	"x" : 80,"y" : 210}}
    {"block":{"shape" : "triangle",	"color" : "green",	"x" : 120,"y" : 210}}
    {"block":{"shape" : "square",	"color" : "green",	"x" : 160,"y" : 210}}
    {"block":{"shape" : "circle",	"color" : "green",	"x" : 200,"y" : 210}}
    {"block":{"shape" : "triangle",	"color" : "green",	"x" : 240,"y" : 210}}
    {"block":{"shape" : "square",	"color" : "green",	"x" : 285,"y" : 210}}
    {"block":{"shape" : "triangle",	"color" : "blue",	"x" : 330,"y" : 210}}
    {"block":{"shape" : "triangle",	"color" : "blue",	"x" : 370,"y" : 210}}
    
     {"block":{"shape" : "square",	"color" : "blue",	"x" : 285,"y" : 165}}
    {"block":{"shape" : "triangle",	"color" : "blue",	"x" : 320,"y" : 165}}
    {"block":{"shape" : "circle",	"color" : "blue",	"x" : 350,"y" : 165}}
    
   
    {"block":{"shape" : "triangle",	"color" : "green",	"x" : 285,"y" : 120}}
    {"block":{"shape" : "circle",	"color" : "green",	"x" : 320,"y" : 120}}
    {"block":{"shape" : "square",	"color" : "green",	"x" : 350,"y" : 120}}
    {"block":{"shape" : "circle",	"color" : "blue",	"x" : 380,"y" : 120}}
    
    {"block":{"shape" : "square",	"color" : "green",	"x" : 285,"y" : 75}}
    {"block":{"shape" : "triangle",	"color" : "green",	"x" : 320,"y" : 75}}
    {"block":{"shape" : "triangle",	"color" : "green",	"x" : 320,"y" : 75}}
        
]